,ID,ID_conversation,ID_speaker,ID_utterance,distance_to_end,duration,end_time,lenght_utterance,median_duration,start_time,word,expected_duration
0,2001A0002,2001,A,0002,36,0.23762499999999998,1.21525,37,0.44999999999998863,0.977625,[silence],0.45398806262127267
1,2001A0002,2001,A,0002,35,0.5093750000000001,1.724625,37,0.33000000000000007,1.21525,hi,0.33737832678456625
2,2001A0002,2001,A,0002,34,0.5489999999999999,2.273625,37,0.44999999999998863,1.724625,[silence],0.4544928611956305
3,2001A0002,2001,A,0002,33,0.6539999999999999,2.927625,37,0.4176249999999868,2.273625,um,0.42321683027750645
4,2001A0002,2001,A,0002,32,0.2938749999999999,3.2215,37,0.44999999999998863,2.927625,[silence],0.4549976597699884
5,2001A0002,2001,A,0002,31,0.44025000000000025,3.66175,37,0.3300000000000409,3.2215,yeah,0.33838792393332184
6,2001A0002,2001,A,0002,30,0.2958750000000001,3.957625,37,0.16000000000000014,3.66175,i'd,0.17308563179494102
7,2001A0002,2001,A,0002,29,0.14999999999999947,4.107625,37,0.20999999999997954,3.957625,like,0.22203058738372342
8,2001A0002,2001,A,0002,28,0.16000000000000014,4.267625,37,0.10000000000002274,4.107625,to,0.11515936280737267
9,2001A0002,2001,A,0002,27,0.2599999999999998,4.527625,37,0.25000000000000006,4.267625,talk,0.2614894309994001
10,2001A0002,2001,A,0002,26,0.4140000000000006,4.941625,37,0.27000000000001023,4.527625,about,0.28121885280723835
11,2001A0002,2001,A,0002,25,0.1844999999999999,5.126125,37,0.44999999999998863,4.941625,[silence],0.45676445478024097
12,2001A0002,2001,A,0002,24,0.18149999999999977,5.307625,37,0.15000000000000568,5.126125,how,0.1648615162576953
13,2001A0002,2001,A,0002,23,0.1299999999999999,5.437625,37,0.11000000000001364,5.307625,you,0.12615987050358318
14,2001A0002,2001,A,0002,22,0.2977500000000006,5.735375,37,0.33000000000000096,5.437625,dress,0.34065951751789325
15,2001A0002,2001,A,0002,21,0.16575000000000006,5.901125,37,0.44999999999998863,5.735375,[silence],0.4577740519289566
16,2001A0002,2001,A,0002,20,0.17649999999999988,6.077625,37,0.1599999999999966,5.901125,for,0.1756096246667269
17,2001A0002,2001,A,0002,19,0.39999999999999947,6.477625,37,0.2700000000000031,6.077625,work,0.2829856478174839
18,2001A0002,2001,A,0002,18,0.33999999999999986,6.817625,37,0.1699999999999875,6.477625,and,0.1858529345014006
19,2001A0002,2001,A,0002,17,0.40000000000000036,7.217625,37,0.1699999999999875,6.817625,and,0.18610533378857955
20,2001A0002,2001,A,0002,16,0.3055000000000003,7.523125,37,0.4176249999999868,7.217625,um,0.4275076181595483
21,2001A0002,2001,A,0002,15,0.15437499999999993,7.6775,37,0.44999999999998863,7.523125,[silence],0.45928844765203025
22,2001A0002,2001,A,0002,14,0.10012499999999935,7.777625,37,0.15999999999996817,7.6775,what,0.17712402038977282
23,2001A0002,2001,A,0002,13,0.09000000000000075,7.867625,37,0.15000000000000568,7.777625,do,0.16763790841666357
24,2001A0002,2001,A,0002,12,0.09999999999999964,7.967625,37,0.11000000000001364,7.867625,you,0.12893626266255143
25,2001A0002,2001,A,0002,11,0.657,8.624625,37,0.40774999999998585,7.967625,normally,0.4191528347258714
26,2001A0002,2001,A,0002,10,0.17300000000000004,8.797625,37,0.15999999999996817,8.624625,what,0.17813361753848853
27,2001A0002,2001,A,0002,9,0.2699999999999996,9.067625,37,0.2699999999999818,8.797625,type,0.2855096406892525
28,2001A0002,2001,A,0002,8,0.2400000000000002,9.307625,37,0.09000000000000052,9.067625,of,0.11046883729060497
29,2001A0002,2001,A,0002,7,0.40000000000000036,9.707625,37,0.40281249999999336,9.307625,outfit,0.41535404193980907
30,2001A0002,2001,A,0002,6,0.07000000000000028,9.777625,37,0.15000000000000568,9.707625,do,0.1694047034269161
31,2001A0002,2001,A,0002,5,0.07000000000000028,9.847625,37,0.11000000000001364,9.777625,you,0.13070305767280396
32,2001A0002,2001,A,0002,4,0.3899999999999988,10.237625,37,0.40774999999998585,9.847625,normally,0.42091962973612396
33,2001A0002,2001,A,0002,3,0.16000000000000014,10.397625,37,0.17999999999999972,10.237625,have,0.19937743506942118
34,2001A0002,2001,A,0002,2,0.15000000000000036,10.547625,37,0.10000000000002274,10.397625,to,0.1217217442740249
35,2001A0002,2001,A,0002,1,0.4136249999999997,10.96125,37,0.21999999999999886,10.547625,wear,0.23883627868507704
36,2001A0002,2001,A,0002,0,0.6001250000000002,11.561375,37,0.44999999999998863,10.96125,[silence],0.4630744369597142
37,2001A0004,2001,A,0004,2,0.5560000000000009,20.360875,3,0.44999999999998863,19.804875,[silence],0.47771757125698355
38,2001A0004,2001,A,0004,1,0.4765000000000015,20.837375,3,0.40856249999998795,20.360875,um-hum,0.4376160145091913
39,2001A0004,2001,A,0004,0,0.47499999999999787,21.312375,3,0.44999999999998863,20.837375,[silence],0.47822236983134137
40,2001A0006,2001,A,0006,3,0.49937500000000057,27.861375,4,0.44999999999998863,27.362,[silence],0.47701964453240386
41,2001A0006,2001,A,0006,2,0.390625,28.252,4,0.1699999999999875,27.861375,and,0.2045937285304899
42,2001A0006,2001,A,0006,1,0.1827500000000022,28.43475,4,0.1599999999999966,28.252,is,0.19510761655735298
43,2001A0006,2001,A,0006,0,0.49799999999999756,28.93275,4,0.44999999999998863,28.43475,[silence],0.4777768423939406
44,2001A0008,2001,A,0008,24,0.4503750000000011,34.348625,25,0.44999999999998863,33.89825,[silence],0.4623631833162295
45,2001A0008,2001,A,0008,23,0.5196250000000049,34.86825,25,0.3499999999999943,34.348625,right,0.36523047000016684
46,2001A0008,2001,A,0008,22,0.3199999999999932,35.18825,25,0.3499999999999943,34.86825,right,0.36548286928734575
47,2001A0008,2001,A,0008,21,0.14000000000000057,35.32825,25,0.1599999999999966,35.18825,is,0.18070355462835755
48,2001A0008,2001,A,0008,20,0.38962500000000233,35.717875,25,0.18999999999999773,35.32825,there,0.2101714876965117
49,2001A0008,2001,A,0008,19,0.18037499999999795,35.89825,25,0.1599999999999966,35.717875,is,0.18120835320271542
50,2001A0008,2001,A,0008,18,0.25,36.14825,25,0.18999999999999773,35.89825,there,0.21067628627086957
51,2001A0008,2001,A,0008,17,0.38162499999999966,36.529875,25,0.4176249999999868,36.14825,um,0.432601548121179
52,2001A0008,2001,A,0008,16,0.15062500000000512,36.6805,25,0.44999999999998863,36.529875,[silence],0.46438237761366086
53,2001A0008,2001,A,0008,15,0.12774999999999892,36.80825,25,0.1723750000000166,36.6805,an[y]-,0.19426935803610246
54,2001A0008,2001,A,0008,14,0.1599999999999966,36.96825,25,0.1599999999999966,36.80825,is,0.18247034963861009
55,2001A0008,2001,A,0008,13,0.1912500000000037,37.1595,25,0.18999999999999773,36.96825,there,0.21193828270676424
56,2001A0008,2001,A,0008,12,0.17712499999999665,37.336625,25,0.060000000000002274,37.1595,a,0.08559003560972643
57,2001A0008,2001,A,0008,11,0.1716249999999988,37.50825,25,0.20999999999997954,37.336625,like,0.2319201038017538
58,2001A0008,2001,A,0008,10,0.07000000000000028,37.57825,25,0.060000000000002274,37.50825,a,0.08609483418408428
59,2001A0008,2001,A,0008,9,0.3500000000000014,37.92825,25,0.34893749999999457,37.57825,code,0.36772934319926265
60,2001A0008,2001,A,0008,8,0.09000000000000341,38.01825,25,0.09000000000000052,37.92825,of,0.11581516653941457
61,2001A0008,2001,A,0008,7,0.473124999999996,38.491375,25,0.33000000000000096,38.01825,dress,0.3497918360743868
62,2001A0008,2001,A,0008,6,0.14687500000000142,38.63825,25,0.16000000000000014,38.491375,where,0.184489543936045
63,2001A0008,2001,A,0008,5,0.11999999999999744,38.75825,25,0.11000000000001364,38.63825,you,0.13604938692161356
64,2001A0008,2001,A,0008,4,0.36000000000000654,39.11825,25,0.2700000000000031,38.75825,work,0.29211796637397747
65,2001A0008,2001,A,0008,3,0.09999999999999432,39.21825,25,0.15000000000000568,39.11825,do,0.17550823053726247
66,2001A0008,2001,A,0008,2,0.17999999999999972,39.39825,25,0.12999999999999545,39.21825,they,0.15628360730378205
67,2001A0008,2001,A,0008,1,0.1600000000000037,39.55825,25,0.2699999999999996,39.39825,ask,0.29287516423551085
68,2001A0008,2001,A,0008,0,0.5649999999999977,40.12325,25,0.44999999999998863,39.55825,[silence],0.4684207662085238
69,2001A0009,2001,A,0009,2,0.5386250000000032,40.661875,3,0.44999999999998863,40.12325,[silence],0.47771757125698355
70,2001A0009,2001,A,0009,1,0.4382499999999965,41.100125,3,0.3499999999999943,40.661875,right,0.380584857940921
71,2001A0009,2001,A,0009,0,0.45250000000000057,41.552625,3,0.44999999999998863,41.100125,[silence],0.47822236983134137
72,2001A0011,2001,A,0011,3,0.44137500000000074,50.570875,4,0.44999999999998863,50.1295,[silence],0.47701964453240386
73,2001A0011,2001,A,0011,2,0.1355000000000004,50.706375,4,0.37287500000002183,50.570875,[noise],0.4021637757243608
74,2001A0011,2001,A,0011,1,0.3973749999999967,51.10375,4,0.3499999999999943,50.706375,right,0.3801393305035201
75,2001A0011,2001,A,0011,0,0.46375000000000455,51.5675,4,0.44999999999998863,51.10375,[silence],0.4777768423939406
76,2001A0013,2001,A,0013,30,0.49474999999999625,57.45175,31,0.44999999999998863,56.957,[silence],0.45817562296875103
77,2001A0013,2001,A,0013,29,0.5046250000000043,57.956375,31,0.3499999999999943,57.45175,right,0.3610429096526885
78,2001A0013,2001,A,0013,28,0.27949999999999875,58.235875,31,0.3499999999999943,57.956375,right,0.3612953089398674
79,2001A0013,2001,A,0013,27,0.1996249999999975,58.4355,31,0.44999999999998863,58.235875,[silence],0.45893282083028786
80,2001A0013,2001,A,0013,26,0.2115000000000009,58.647,31,0.1699999999999875,58.4355,and,0.18650690482837395
81,2001A0013,2001,A,0013,25,0.14999999999999858,58.797,31,0.2300000000000182,58.647,does,0.245190371677531
82,2001A0013,2001,A,0013,24,0.15000000000000568,58.947,31,0.12000000000000455,58.797,it,0.1383191471011249
83,2001A0013,2001,A,0013,23,0.1599999999999966,59.107,31,0.2300000000000182,58.947,does,0.24569517025188886
84,2001A0013,2001,A,0013,22,0.14000000000000057,59.247,31,0.12000000000000455,59.107,it,0.13882394567548276
85,2001A0013,2001,A,0013,21,0.4399999999999977,59.687,31,0.4007500000000448,59.247,change,0.41248504859631696
86,2001A0013,2001,A,0013,20,0.09762500000000074,59.784625,31,0.10712499999999636,59.687,i,0.1267904110021646
87,2001A0013,2001,A,0013,19,0.2523750000000007,60.037,31,0.23999999999999844,59.784625,guess,0.25644327866091005
88,2001A0013,2001,A,0013,18,0.3400000000000034,60.377,31,0.4176249999999868,60.037,um,0.4296759842095952
89,2001A0013,2001,A,0013,17,0.11999999999999744,60.497,31,0.11000000000001364,60.377,you,0.13034743085106157
90,2001A0013,2001,A,0013,16,0.3483749999999972,60.845375,31,0.17000000000001592,60.497,can,0.18903089770019094
91,2001A0013,2001,A,0013,15,0.23162500000000108,61.077,31,0.17000000000001592,60.845375,can,0.18928329698736987
92,2001A0013,2001,A,0013,14,0.14000000000000057,61.217,31,0.11000000000001364,61.077,you,0.13110462871259837
93,2001A0013,2001,A,0013,13,0.46999999999999886,61.687,31,0.37825000000003683,61.217,judge,0.39259259255801005
94,2001A0013,2001,A,0013,12,0.37187500000000284,62.058875,31,0.20999999999997954,61.687,like,0.22899453989017007
95,2001A0013,2001,A,0013,11,0.3954999999999984,62.454375,31,0.37287500000002183,62.058875,[noise],0.3878629413299288
96,2001A0013,2001,A,0013,10,0.47262500000000074,62.927,31,0.379999999999999,62.454375,depending,0.3950540298900669
97,2001A0013,2001,A,0013,9,0.22999999999999687,63.157,31,0.1500000000000341,62.927,on,0.17132067018981179
98,2001A0013,2001,A,0013,8,0.11000000000000654,63.267,31,0.15999999999996817,63.157,what,0.1813115807372512
99,2001A0013,2001,A,0013,7,0.11999999999999744,63.387,31,0.11000000000001364,63.267,you,0.13287142372285088
100,2001A0013,2001,A,0013,6,0.25,63.637,31,0.22999999999996135,63.387,think,0.24998595813387536
101,2001A0013,2001,A,0013,5,0.13000000000000256,63.767,31,0.160000000000025,63.637,you'll,0.18206877859884335
102,2001A0013,2001,A,0013,4,0.0899999999999963,63.857,31,0.13000000000000256,63.767,be,0.1531056441050263
103,2001A0013,2001,A,0013,3,0.37999999999999545,64.237,31,0.27112500000001205,63.857,doing,0.2907927835535469
104,2001A0013,2001,A,0013,2,0.27000000000001023,64.507,31,0.18000000000000682,64.237,that,0.20230299898101184
105,2001A0013,2001,A,0013,1,0.4954999999999927,65.0025,31,0.2400000000000091,64.507,day,0.2609864658301412
106,2001A0013,2001,A,0013,0,0.5911250000000052,65.593625,31,0.44999999999998863,65.0025,[silence],0.465747601584119
107,2001A0015,2001,A,0015,2,0.5500000000000114,70.14525,3,0.44999999999998863,69.59525,[silence],0.47771757125698355
108,2001A0015,2001,A,0015,1,0.4727499999999907,70.618,3,0.3499999999999943,70.14525,right,0.380584857940921
109,2001A0015,2001,A,0015,0,0.4848750000000024,71.102875,3,0.44999999999998863,70.618,[silence],0.47822236983134137
110,2001A0017,2001,A,0017,3,0.46612500000000523,73.78775,4,0.44999999999998863,73.321625,[silence],0.47701964453240386
111,2001A0017,2001,A,0017,2,0.36387499999999307,74.151625,4,0.4215624999999754,73.78775,yes,0.44957815242302146
112,2001A0017,2001,A,0017,1,1.0857500000000044,75.237375,4,0.8100000000000023,74.151625,[laughter],0.8281108484784644
113,2001A0017,2001,A,0017,0,0.17312499999999886,75.4105,4,0.44999999999998863,75.237375,[silence],0.4777768423939406
114,2001A0019,2001,A,0019,12,0.464500000000001,76.888625,13,0.44999999999998863,76.424125,[silence],0.4707383040111862
115,2001A0019,2001,A,0019,11,0.5707499999999897,77.459375,13,0.3300000000000409,76.888625,yeah,0.35412856817451965
116,2001A0019,2001,A,0019,10,0.26737500000000125,77.72675,13,0.3300000000000409,77.459375,yeah,0.35438096746169856
117,2001A0019,2001,A,0019,9,0.18737500000000296,77.914125,13,0.21999999999997044,77.72675,well,0.2475097428852371
118,2001A0019,2001,A,0019,8,0.20087499999999636,78.115,13,0.15625,77.914125,i[t]-,0.18567913288787483
119,2001A0019,2001,A,0019,7,0.15462500000001,78.269625,13,0.15625,78.115,i[t]-,0.18593153217505376
120,2001A0019,2001,A,0019,6,0.1543750000000017,78.424,13,0.44999999999998863,78.269625,[silence],0.4722526997342599
121,2001A0019,2001,A,0019,5,0.2201249999999959,78.644125,13,0.2400000000000091,78.424,that's,0.2679963625546399
122,2001A0019,2001,A,0019,4,0.35462499999999864,78.99875,13,0.3499999999999943,78.644125,right,0.3753723857053761
123,2001A0019,2001,A,0019,3,0.26874999999999716,79.2675,13,0.44999999999998863,78.99875,[silence],0.4730098975957966
124,2001A0019,2001,A,0019,2,0.18712499999999466,79.454625,13,0.1699999999999875,79.2675,and,0.20058398159388272
125,2001A0019,2001,A,0019,1,0.14512500000000728,79.59975,13,0.12000000000000455,79.454625,it,0.15214382457945472
126,2001A0019,2001,A,0019,0,0.43762499999999704,80.037375,13,0.44999999999998863,79.59975,[silence],0.4737670954573334
127,2001A0021,2001,A,0021,35,0.5347499999999883,81.963625,36,0.44999999999998863,81.428875,[silence],0.45468598934585236
128,2001A0021,2001,A,0021,34,0.29525000000001,82.258875,36,0.3300000000000409,81.963625,yeah,0.3380762535091858
129,2001A0021,2001,A,0021,33,0.09000000000000341,82.348875,36,0.1699999999999875,82.258875,and,0.18251247263111742
130,2001A0021,2001,A,0021,32,0.05999999999998806,82.408875,36,0.12000000000000455,82.348875,it,0.13407231561668942
131,2001A0021,2001,A,0021,31,0.15000000000000568,82.558875,36,0.1600000000000108,82.408875,was,0.17327875994517328
132,2001A0021,2001,A,0021,30,0.7392499999999984,83.298125,36,0.35006250000001415,82.558875,usually,0.35862373887390186
133,2001A0021,2001,A,0021,29,0.3356250000000074,83.63375,36,0.2856249999999996,83.298125,uh,0.29612360622734935
134,2001A0021,2001,A,0021,28,0.7851249999999936,84.418875,36,0.36406249999998863,83.63375,also,0.3727624532126895
135,2001A0021,2001,A,0021,27,0.25,84.668875,36,0.2856249999999996,84.418875,uh,0.29662840480170716
136,2001A0021,2001,A,0021,26,0.23000000000000398,84.898875,36,0.16000000000000014,84.668875,where,0.17454075638105757
137,2001A0021,2001,A,0021,25,0.1599999999999966,85.058875,36,0.10712499999999636,84.898875,i,0.12330077737926592
138,2001A0021,2001,A,0021,24,0.35999999999999943,85.418875,36,0.1600000000000108,85.058875,was,0.1750455549554258
139,2001A0021,2001,A,0021,23,0.14000000000000057,85.558875,36,0.12000000000000455,85.418875,it,0.13634390920129982
140,2001A0021,2001,A,0021,22,0.3499999999999943,85.908875,36,0.1600000000000108,85.558875,was,0.17555035352978365
141,2001A0021,2001,A,0021,21,0.46000000000000796,86.368875,36,0.4176249999999868,85.908875,um,0.42669114916105444
142,2001A0021,2001,A,0021,20,0.17937499999999318,86.54825,36,0.1699999999999875,86.368875,i[n]-,0.18579366336444353
143,2001A0021,2001,A,0021,19,0.18062500000000625,86.728875,36,0.12000000000000455,86.54825,in,0.13735350635001556
144,2001A0021,2001,A,0021,18,0.7199999999999989,87.448875,36,0.5600000000000023,86.728875,engineering,0.5661004010914793
145,2001A0021,2001,A,0021,17,0.25,87.698875,36,0.1699999999999875,87.448875,and,0.18655086122598033
146,2001A0021,2001,A,0021,16,0.3392499999999927,88.038125,36,0.1699999999999875,87.698875,and,0.18680326051315926
147,2001A0021,2001,A,0021,15,0.1807500000000033,88.218875,36,0.12000000000000455,88.038125,it,0.13836310349873127
148,2001A0021,2001,A,0021,14,0.269999999999996,88.488875,36,0.1600000000000108,88.218875,was,0.17756954782721512
149,2001A0021,2001,A,0021,13,0.0800000000000125,88.568875,36,0.12000000000000455,88.488875,it,0.13886790207308913
150,2001A0021,2001,A,0021,12,0.14000000000000057,88.708875,36,0.1600000000000108,88.568875,was,0.178074346401573
151,2001A0021,2001,A,0021,11,0.06999999999999318,88.778875,36,0.060000000000002274,88.708875,a,0.08094163308549657
152,2001A0021,2001,A,0021,10,0.5799999999999983,89.358875,36,0.5499999999999998,88.778875,casual,0.5583810841285837
153,2001A0021,2001,A,0021,9,0.37000000000000455,89.728875,36,0.4200000000000017,89.358875,office,0.43203283703154327
154,2001A0021,2001,A,0021,8,0.09999999999999432,89.828875,36,0.18999999999999773,89.728875,there,0.2082994773312501
155,2001A0021,2001,A,0021,7,0.13000000000000966,89.958875,36,0.1600000000000108,89.828875,was,0.17933634283746766
156,2001A0021,2001,A,0021,6,0.1799999999999926,90.138875,36,0.26449999999999996,89.958875,no,0.2813561847950292
157,2001A0021,2001,A,0021,5,0.46999999999999886,90.608875,36,0.44118749999999807,90.138875,formal,0.4536759049130684
158,2001A0021,2001,A,0021,4,0.3400000000000034,90.948875,36,0.33000000000000096,90.608875,dress,0.3456482321245149
159,2001A0021,2001,A,0021,3,0.4299999999999926,91.378875,36,0.34893749999999457,90.948875,code,0.36434293711092747
160,2001A0021,2001,A,0021,2,0.27087500000000375,91.64975,36,0.1823750000000075,91.378875,but,0.20238825821833561
161,2001A0021,2001,A,0021,1,0.43900000000000716,92.08875,36,0.37287500000002183,91.64975,[noise],0.3881592970147142
162,2001A0021,2001,A,0021,0,0.005375000000000796,92.094125,36,0.44999999999998863,92.08875,[silence],0.46351996439711507
163,2001A0022,2001,A,0022,40,0.08962499999999807,92.18375,41,0.44999999999998863,92.094125,[silence],0.4511963557229537
164,2001A0022,2001,A,0022,39,0.9299999999999926,93.11375,41,0.4176249999999868,92.18375,um,0.41992032480482966
165,2001A0022,2001,A,0022,38,0.3003750000000025,93.414125,41,0.2856249999999996,93.11375,uh,0.29162437545573494
166,2001A0022,2001,A,0022,37,0.6000000000000085,94.014125,41,0.35006250000001415,93.414125,usually,0.3546293066766454
167,2001A0022,2001,A,0022,36,0.5799999999999983,94.594125,41,0.6037500000000051,94.014125,engineers,0.6019355634991779
168,2001A0022,2001,A,0022,35,0.06999999999999318,94.664125,41,0.11299999999999955,94.594125,are,0.12427052268591647
169,2001A0022,2001,A,0022,34,0.6000000000000085,95.264125,41,0.5500000000000114,94.664125,expected,0.5500958640492966
170,2001A0022,2001,A,0022,33,0.4237499999999983,95.687875,41,0.10000000000002274,95.264125,to,0.11211525662187481
171,2001A0022,2001,A,0022,32,0.29374999999998863,95.981625,41,0.10000000000002274,95.687875,to,0.11236765590905375
172,2001A0022,2001,A,0022,31,0.5325000000000131,96.514125,41,0.33000000000000096,95.981625,dress,0.33660581418367963
173,2001A0022,2001,A,0022,30,0.1599999999999966,96.674125,41,0.11000000000001364,96.514125,you,0.12261096574372746
174,2001A0022,2001,A,0022,29,0.23999999999999488,96.914125,41,0.1599999999999966,96.674125,know,0.1715559213325133
175,2001A0022,2001,A,0022,28,0.28000000000000114,97.194125,41,0.21000000000000796,96.914125,little,0.22050087692132683
176,2001A0022,2001,A,0022,27,0.3299999999999983,97.524125,41,0.22000000000002728,97.194125,more,0.2304917874688493
177,2001A0022,2001,A,0022,26,0.9082499999999953,98.432375,41,0.7000000000000455,97.524125,professionally,0.6981927272516318
178,2001A0022,2001,A,0022,25,0.2651250000000118,98.6975,41,0.12000000000000455,98.432375,it,0.13361147343993796
179,2001A0022,2001,A,0022,24,0.22662499999999852,98.924125,41,0.2222499999999994,98.6975,just,0.23344015036393198
180,2001A0022,2001,A,0022,23,0.10999999999999943,99.034125,41,0.12000000000000455,98.924125,in,0.13411627201429582
181,2001A0022,2001,A,0022,22,0.35999999999999943,99.394125,41,0.36137500000000244,99.034125,case,0.3694319868475603
182,2001A0022,2001,A,0022,21,0.3299999999999983,99.724125,41,0.30000000000001137,99.394125,things,0.30991427327450505
183,2001A0022,2001,A,0022,20,0.23999999999999488,99.964125,41,0.15000000000000568,99.724125,would,0.16408900365680784
184,2001A0022,2001,A,0022,19,0.18999999999999773,100.154125,41,0.21000000000003638,99.964125,come,0.2227724705059649
185,2001A0022,2001,A,0022,18,0.19000000000001194,100.344125,41,0.1699999999999875,100.154125,up,0.1840708247517974
186,2001A0022,2001,A,0022,17,0.3399999999999892,100.684125,41,0.25,100.344125,during,0.2622313141215862
187,2001A0022,2001,A,0022,16,0.09000000000000341,100.774125,41,0.08000000000004093,100.684125,the,0.09692902198328496
188,2001A0022,2001,A,0022,15,0.5400000000000063,101.314125,41,0.2400000000000091,100.774125,day,0.25299760143562816
189,2001A0022,2001,A,0022,14,0.46999999999999886,101.784125,41,0.5,101.314125,sometimes,0.5064512934912406
190,2001A0022,2001,A,0022,13,0.5999999999999943,102.384125,41,0.7259999999999991,101.784125,unexpected,0.726794047261757
191,2001A0022,2001,A,0022,12,0.4200000000000017,102.804125,41,0.4300000000000068,102.384125,meetings,0.4387865132433322
192,2001A0022,2001,A,0022,11,0.14000000000000057,102.944125,41,0.12750000000000128,102.804125,or,0.14444894690568336
193,2001A0022,2001,A,0022,10,0.04000000000000625,102.984125,41,0.060000000000002274,102.944125,a,0.0789663951856715
194,2001A0022,2001,A,0022,9,0.3299999999999983,103.314125,41,0.46000000000002217,102.984125,client,0.46875924488585796
195,2001A0022,2001,A,0022,8,0.0899999999999892,103.404125,41,0.15000000000000568,103.314125,would,0.16711779510295502
196,2001A0022,2001,A,0022,7,0.18000000000000682,103.584125,41,0.21000000000003638,103.404125,come,0.2258012619521121
197,2001A0022,2001,A,0022,6,0.060000000000002274,103.644125,41,0.12000000000000455,103.584125,in,0.13840705989633767
198,2001A0022,2001,A,0022,5,0.20999999999999375,103.854125,41,0.1699999999999875,103.644125,and,0.18735201548512354
199,2001A0022,2001,A,0022,4,0.18999999999999773,104.044125,41,0.21000000000000796,103.854125,wanna,0.22655845981362122
200,2001A0022,2001,A,0022,3,0.3100000000000023,104.354125,41,0.21999999999997044,104.044125,see,0.2365493703610883
201,2001A0022,2001,A,0022,2,0.29749999999999943,104.651625,41,0.11000000000001364,104.354125,you,0.12967814578473758
202,2001A0022,2001,A,0022,1,0.40749999999999886,105.059125,41,0.37287500000002183,104.651625,[noise],0.38593165982771016
203,2001A0022,2001,A,0022,0,0.009624999999999773,105.06875,41,0.44999999999998863,105.059125,[silence],0.46129232721011104
204,2001A0023,2001,A,0023,27,0.12000000000000455,105.18875,28,0.44999999999998863,105.06875,[silence],0.4602694031424902
205,2001A0023,2001,A,0023,26,0.36812500000000625,105.556875,28,0.2856249999999996,105.18875,uh,0.30044502358809255
206,2001A0023,2001,A,0023,25,0.28812499999999375,105.845,28,0.19000000000000128,105.556875,other,0.2075729089484181
207,2001A0023,2001,A,0023,24,0.2537499999999966,106.09875,28,0.37000000000000455,105.845,times,0.3831185109214449
208,2001A0023,2001,A,0023,23,0.09000000000000341,106.18875,28,0.12000000000000455,106.09875,it,0.13990812870050623
209,2001A0023,2001,A,0023,22,0.10999999999999943,106.29875,28,0.17000000000001592,106.18875,could,0.18885308428931974
210,2001A0023,2001,A,0023,21,0.12000000000000455,106.41875,28,0.13000000000000256,106.29875,be,0.15015143853518687
211,2001A0023,2001,A,0023,20,0.29999999999999716,106.71875,28,0.2599999999999909,106.41875,very,0.2770044842065756
212,2001A0023,2001,A,0023,19,0.39000000000000057,107.10875,28,0.5499999999999998,106.71875,casual,0.5596737100431797
213,2001A0023,2001,A,0023,18,0.12999999999999545,107.23875,28,0.13474999999999682,107.10875,if,0.1555344292453723
214,2001A0023,2001,A,0023,17,0.07000000000000739,107.30875,28,0.11000000000001364,107.23875,you,0.13168401316326395
215,2001A0023,2001,A,0023,16,0.14000000000000057,107.44875,28,0.21000000000000796,107.30875,knew,0.22932152505368442
216,2001A0023,2001,A,0023,15,0.0799999999999983,107.52875,28,0.11000000000001364,107.44875,you,0.13218881173762181
217,2001A0023,2001,A,0023,14,0.14999999999999147,107.67875,28,0.15000000000000568,107.52875,would,0.17139525606609182
218,2001A0023,2001,A,0023,13,0.13000000000000966,107.80875,28,0.13000000000000256,107.67875,be,0.1521706328326183
219,2001A0023,2001,A,0023,12,0.09999999999999432,107.90875,28,0.11999999999999744,107.80875,at,0.14268452085946753
220,2001A0023,2001,A,0023,11,0.0799999999999983,107.98875,28,0.060000000000002274,107.90875,a,0.08450585258470297
221,2001A0023,2001,A,0023,10,0.42499999999999716,108.41375,28,0.3699999999999761,107.98875,desk,0.38665210094192226
222,2001A0023,2001,A,0023,9,0.2698750000000132,108.683625,28,0.25,108.41375,[laughter-all],0.270042365105228
223,2001A0023,2001,A,0023,8,0.2751249999999885,108.95875,28,0.2400000000000091,108.683625,day,0.2605562531320911
224,2001A0023,2001,A,0023,7,0.10000000000000853,109.05875,28,0.1699999999999875,108.95875,and,0.19263907359697605
225,2001A0023,2001,A,0023,6,0.4099999999999966,109.46875,28,0.3499999999999943,109.05875,nobody,0.36818467557000634
226,2001A0023,2001,A,0023,5,0.21999999999999886,109.68875,28,0.15000000000000568,109.46875,would,0.17366684965070223
227,2001A0023,2001,A,0023,4,0.20000000000000284,109.88875,28,0.21999999999997044,109.68875,see,0.24208882776011978
228,2001A0023,2001,A,0023,3,0.2985000000000042,110.18725,28,0.11000000000001364,109.88875,you,0.13521760318376902
229,2001A0023,2001,A,0023,2,0.8699999999999903,111.05725,28,0.37287500000002183,110.18725,[noise],0.39147111722674155
230,2001A0023,2001,A,0023,1,0.42687500000000966,111.484125,28,0.4176249999999868,111.05725,um,0.4353033544038395
231,2001A0023,2001,A,0023,0,0.5676249999999925,112.05175,28,0.44999999999998863,111.484125,[silence],0.46708418389632145
232,2001A0024,2001,A,0024,36,0.8900000000000006,112.94175,37,0.44999999999998863,112.05175,[silence],0.45398806262127267
233,2001A0024,2001,A,0024,35,0.37999999999999545,113.32175,37,0.2856249999999996,112.94175,uh,0.2941636830668749
234,2001A0024,2001,A,0024,34,0.44000000000001194,113.76175,37,0.21999999999997044,113.32175,well,0.2305071022081446
235,2001A0024,2001,A,0024,33,0.0799999999999983,113.84175,37,0.10712499999999636,113.76175,i,0.12083605564443367
236,2001A0024,2001,A,0024,32,0.29999999999999716,114.14175,37,0.1600000000000108,113.84175,was,0.17258083322059353
237,2001A0024,2001,A,0024,31,0.10999999999999943,114.25175,37,0.10712499999999636,114.14175,i,0.12134085421879154
238,2001A0024,2001,A,0024,30,0.20999999999999375,114.46175,37,0.1600000000000108,114.25175,was,0.1730856317949514
239,2001A0024,2001,A,0024,29,0.4300000000000068,114.89175,37,0.12000000000000455,114.46175,in,0.1343839860408254
240,2001A0024,2001,A,0024,28,0.23999999999999488,115.13175,37,0.060000000000002274,114.89175,a,0.07620531776605391
241,2001A0024,2001,A,0024,27,0.1508749999999992,115.282625,37,0.2856249999999996,115.13175,uh,0.2961828773643064
242,2001A0024,2001,A,0024,26,0.5691249999999997,115.85175,37,0.4099999999999966,115.282625,private,0.4175580104517709
243,2001A0024,2001,A,0024,25,0.6203750000000099,116.472125,37,0.5835000000000008,115.85175,consulting,0.5867735801055876
244,2001A0024,2001,A,0024,24,0.4696249999999935,116.94175,37,0.3299999999999912,116.472125,firm,0.3401547189435259
245,2001A0024,2001,A,0024,23,0.5370000000000061,117.47875,37,0.22487499999999727,116.94175,so,0.23803101860654727
246,2001A0024,2001,A,0024,22,0.48449999999999704,117.96325,37,0.4176249999999868,117.47875,um,0.42599322243647475
247,2001A0024,2001,A,0024,21,0.19212500000000432,118.155375,37,0.44999999999998863,117.96325,[silence],0.4577740519289566
248,2001A0024,2001,A,0024,20,0.5463749999999976,118.70175,37,0.1699999999999875,118.155375,and,0.18534813592704275
249,2001A0024,2001,A,0024,19,0.3884999999999934,119.09025,37,0.2856249999999996,118.70175,uh,0.29820207166173784
250,2001A0024,2001,A,0024,18,0.4514999999999958,119.54175,37,0.1699999999999875,119.09025,and,0.1858529345014006
251,2001A0024,2001,A,0024,17,0.34850000000000136,119.89025,37,0.2856249999999996,119.54175,uh,0.29870687023609566
252,2001A0024,2001,A,0024,16,0.3917500000000018,120.282,37,0.44999999999998863,119.89025,[silence],0.45903604836485135
253,2001A0024,2001,A,0024,15,0.7366250000000036,121.018625,37,0.4399999999999977,120.282,anyway,0.44954993639171437
254,2001A0024,2001,A,0024,14,0.31312499999999943,121.33175,37,0.4176249999999868,121.018625,um,0.4280124167339062
255,2001A0024,2001,A,0024,13,0.18999999999999773,121.52175,37,0.3499999999999943,121.33175,right,0.3624081336231466
256,2001A0024,2001,A,0024,12,0.30750000000000455,121.82925,37,0.2400000000000091,121.52175,now,0.2555369090467682
257,2001A0024,2001,A,0024,11,0.21087500000000148,122.040125,37,0.2024374999999985,121.82925,i['m]-,0.2192090254123421
258,2001A0024,2001,A,0024,10,0.20162499999999284,122.24175,37,0.15825000000000067,122.040125,i'm,0.17642937806796335
259,2001A0024,2001,A,0024,9,0.2790000000000106,122.52075,37,0.21999999999997044,122.24175,not,0.23681708438761792
260,2001A0024,2001,A,0024,8,0.16199999999999193,122.68275,37,0.44999999999998863,122.52075,[silence],0.4610552426622828
261,2001A0024,2001,A,0024,7,0.1389999999999958,122.82175,37,0.15825000000000067,122.68275,i'm,0.17718657592950016
262,2001A0024,2001,A,0024,6,0.27000000000001023,123.09175,37,0.21999999999997044,122.82175,not,0.2375742822491547
263,2001A0024,2001,A,0024,5,0.4299999999999926,123.52175,37,0.18999999999999773,123.09175,there,0.20861114775538608
264,2001A0024,2001,A,0024,4,0.32587499999999636,123.847625,37,0.1823750000000075,123.52175,but,0.20143793220657696
265,2001A0024,2001,A,0024,3,1.4702500000000072,125.317875,37,0.8100000000000023,123.847625,[laughter],0.8129036444698801
266,2001A0024,2001,A,0024,2,0.25387499999999363,125.57175,37,0.1823750000000075,125.317875,but,0.20194273078093483
267,2001A0024,2001,A,0024,1,0.47262500000000784,126.044375,37,0.4399999999999977,125.57175,anyway,0.4530835264122195
268,2001A0024,2001,A,0024,0,0.3178750000000008,126.36225,37,0.44999999999998863,126.044375,[silence],0.4630744369597142
269,2001A0025,2001,A,0025,33,0.0660000000000025,126.42825,34,0.44999999999998863,126.36225,[silence],0.45608184279501185
270,2001A0025,2001,A,0025,32,0.6539999999999964,127.08225,34,0.4176249999999868,126.42825,um,0.4248058118768878
271,2001A0025,2001,A,0025,31,0.39000000000000057,127.47225,34,0.1699999999999875,127.08225,and,0.18390832608027688
272,2001A0025,2001,A,0025,30,0.4099999999999966,127.88225,34,0.4099999999999966,127.47225,seaso[n]-,0.4178849956152576
273,2001A0025,2001,A,0025,29,0.5600000000000023,128.44225,34,0.28000000000002956,127.88225,really,0.2915367485182475
274,2001A0025,2001,A,0025,28,0.506875000000008,128.949125,34,0.28999999999999204,128.44225,same,0.30152765906571455
275,2001A0025,2001,A,0025,27,0.5131250000000023,129.46225,34,0.40450000000001296,128.949125,season,0.4132860122836317
276,2001A0025,2001,A,0025,26,0.13999999999998636,129.60225,34,0.10000000000002274,129.46225,to,0.11700074369393293
277,2001A0025,2001,A,0025,25,0.5999999999999943,130.20225,34,0.40450000000001296,129.60225,season,0.41379081085798963
278,2001A0025,2001,A,0025,24,0.742874999999998,130.945125,34,0.4176249999999868,130.20225,um,0.4268250061743193
279,2001A0025,2001,A,0025,23,0.19812500000000455,131.14325,34,0.44999999999998863,130.945125,[silence],0.45860583566680113
280,2001A0025,2001,A,0025,22,0.3916250000000048,131.534875,34,0.2856249999999996,131.14325,uh,0.2987814561124035
281,2001A0025,2001,A,0025,21,0.26550000000000296,131.800375,34,0.12000000000000455,131.534875,it,0.13773976265045929
282,2001A0025,2001,A,0025,20,0.10550000000000637,131.905875,34,0.44999999999998863,131.800375,[silence],0.45936303352833796
283,2001A0025,2001,A,0025,19,0.6271249999999782,132.533,34,0.5,131.905875,changes,0.5083079891171515
284,2001A0025,2001,A,0025,18,0.17925000000002456,132.71225,34,0.1686249999999916,132.533,with,0.18585047151531234
285,2001A0025,2001,A,0025,17,0.060000000000002274,132.77225,34,0.08000000000004093,132.71225,the,0.09979531475791162
286,2001A0025,2001,A,0025,16,0.4099999999999966,133.18225,34,0.32156249999998465,132.77225,weather,0.3352936266772544
287,2001A0025,2001,A,0025,15,0.1599999999999966,133.34225,34,0.11000000000001364,133.18225,you,0.12951564711321703
288,2001A0025,2001,A,0025,14,0.28000000000000114,133.62225,34,0.1599999999999966,133.34225,know,0.17846060270200287
289,2001A0025,2001,A,0025,13,0.31912499999998545,133.941375,34,0.2856249999999996,133.62225,uh,0.30105304969701385
290,2001A0025,2001,A,0025,12,0.25987499999999386,134.20125,34,0.44999999999998863,133.941375,[silence],0.46138222782576943
291,2001A0025,2001,A,0025,11,0.3610000000000184,134.56225,34,0.21999999999999886,134.20125,wear,0.23764886812549013
292,2001A0025,2001,A,0025,10,0.21000000000000796,134.77225,34,0.2900000000000045,134.56225,light,0.3060708462349474
293,2001A0025,2001,A,0025,9,0.45999999999997954,135.23225,34,0.5101875000000096,134.77225,clothing,0.520753090335406
294,2001A0025,2001,A,0025,8,0.09999999999999432,135.33225,34,0.10712499999999636,135.23225,i,0.1284826201361094
295,2001A0025,2001,A,0025,7,0.21999999999999886,135.55225,34,0.23999999999999844,135.33225,guess,0.25813548779485485
296,2001A0025,2001,A,0025,6,0.0800000000000125,135.63225,34,0.13474999999999682,135.55225,if,0.15589005606711467
297,2001A0025,2001,A,0025,5,0.1699999999999875,135.80225,34,0.18999999999994088,135.63225,it's,0.20994773006753314
298,2001A0025,2001,A,0025,4,0.2300000000000182,136.03225,34,0.28999999999997783,135.80225,hot,0.3075852419579951
299,2001A0025,2001,A,0025,3,0.1699999999999875,136.20225,34,0.17737499999998363,136.03225,out,0.1981576581757727
300,2001A0025,2001,A,0025,2,0.30000000000001137,136.50225,34,0.1823750000000075,136.20225,but,0.20327931309313724
301,2001A0025,2001,A,0025,1,0.4455000000000098,136.94775,34,0.4176249999999868,136.50225,um,0.4326301897794347
302,2001A0025,2001,A,0025,0,0.5132499999999993,137.461,34,0.44999999999998863,136.94775,[silence],0.46441101927191664
303,2001A0027,2001,A,0027,2,0.5826249999999789,139.698875,3,0.44999999999998863,139.11625,[silence],0.47771757125698355
304,2001A0027,2001,A,0027,1,0.49900000000002365,140.197875,3,0.2400000000000091,139.698875,that's,0.2734612340773636
305,2001A0027,2001,A,0027,0,0.7308749999999975,140.92875,3,0.44999999999998863,140.197875,[silence],0.47822236983134137
306,2001A0028,2001,A,0028,40,0.5600000000000023,141.48875,41,0.44999999999998863,140.92875,[silence],0.4511963557229537
307,2001A0028,2001,A,0028,39,0.5300000000000011,142.01875,41,0.2400000000000091,141.48875,that's,0.2469400185433338
308,2001A0028,2001,A,0028,38,0.46999999999999886,142.48875,41,0.3403124999999818,142.01875,true,0.3448818589106184
309,2001A0028,2001,A,0028,37,0.19999999999998863,142.68875,41,0.1699999999999875,142.48875,and,0.17927523829539768
310,2001A0028,2001,A,0028,36,0.14000000000001478,142.82875,41,0.1699999999999875,142.68875,and,0.17952763758257662
311,2001A0028,2001,A,0028,35,0.14999999999997726,142.97875,41,0.10712499999999636,142.82875,i,0.11854914732047261
312,2001A0028,2001,A,0028,34,0.30000000000001137,143.27875,41,0.22999999999996135,142.97875,think,0.23846350371885724
313,2001A0028,2001,A,0028,33,0.5799999999999841,143.85875,41,0.36406249999998863,143.27875,also,0.36927281958979086
314,2001A0028,2001,A,0028,32,0.3200000000000216,144.17875,41,0.18000000000000682,143.85875,that,0.19027574599163588
315,2001A0028,2001,A,0028,31,0.5127499999999827,144.6915,41,0.4176249999999868,144.17875,um,0.42193951910226113
316,2001A0028,2001,A,0028,30,0.19137500000002206,144.882875,41,0.44999999999998863,144.6915,[silence],0.4537203485947431
317,2001A0028,2001,A,0028,29,0.1279999999999859,145.010875,41,0.08000000000004093,144.882875,the,0.09364783124995885
318,2001A0028,2001,A,0028,28,0.4278750000000002,145.43875,41,0.3299999999999841,145.010875,women,0.33736301204520003
319,2001A0028,2001,A,0028,27,0.4900000000000091,145.92875,41,0.38999999999998636,145.43875,actually,0.3960464788943294
320,2001A0028,2001,A,0028,26,0.18012500000000387,146.108875,41,0.17999999999999972,145.92875,have,0.19179014171470254
321,2001A0028,2001,A,0028,25,0.23349999999999227,146.342375,41,0.2856249999999996,146.108875,uh,0.29490556618906105
322,2001A0028,2001,A,0028,24,0.2756249999999909,146.618,41,0.2856249999999996,146.342375,uh,0.29515796547623996
323,2001A0028,2001,A,0028,23,0.11674999999999613,146.73475,41,0.11000000000001364,146.618,you,0.12437776075397998
324,2001A0028,2001,A,0028,22,0.19400000000001683,146.92875,41,0.17999999999999972,146.73475,have,0.19279973886341828
325,2001A0028,2001,A,0028,21,0.12999999999999545,147.05875,41,0.060000000000002274,146.92875,a,0.07619000302670326
326,2001A0028,2001,A,0028,20,0.2400000000000091,147.29875,41,0.21000000000000796,147.05875,little,0.22252007121875828
327,2001A0028,2001,A,0028,19,0.13999999999998636,147.43875,41,0.17000000000001592,147.29875,bit,0.18381842546464616
328,2001A0028,2001,A,0028,18,0.22999999999998977,147.66875,41,0.22000000000002728,147.43875,more,0.23276338105345967
329,2001A0028,2001,A,0028,17,0.46999999999999886,148.13875,41,0.5600000000000023,147.66875,variety,0.5641251631916543
330,2001A0028,2001,A,0028,16,0.2822500000000048,148.421,41,0.17368749999998556,148.13875,m[aybe]-,0.1881666993533981
331,2001A0028,2001,A,0028,15,0.2877500000000168,148.70875,41,0.28000000000000114,148.421,maybe,0.2919516464769193
332,2001A0028,2001,A,0028,14,0.522750000000002,149.2315,41,0.37999999999999545,148.70875,lighter,0.38958915836733965
333,2001A0028,2001,A,0028,13,0.2411249999999825,149.472625,41,0.44999999999998863,149.2315,[silence],0.45801113647678493
334,2001A0028,2001,A,0028,12,0.31612499999999955,149.78875,41,0.4200000000000017,149.472625,cotton,0.4290480019830024
335,2001A0028,2001,A,0028,11,0.4300000000000068,150.21875,41,0.5101875000000096,149.78875,clothing,0.5171295996992424
336,2001A0028,2001,A,0028,10,0.09999999999999432,150.31875,41,0.12000000000000455,150.21875,in,0.13739746274762193
337,2001A0028,2001,A,0028,9,0.0800000000000125,150.39875,41,0.08000000000004093,150.31875,the,0.0986958169935375
338,2001A0028,2001,A,0028,8,0.5699999999999932,150.96875,41,0.36000000000001364,150.39875,summer,0.37162653156978154
339,2001A0028,2001,A,0028,7,0.41474999999999795,151.3835,41,0.1699999999999875,150.96875,and,0.18684721691076567
340,2001A0028,2001,A,0028,6,0.48525000000000773,151.86875,41,0.48525000000000773,151.3835,woolens,0.4941061836797006
341,2001A0028,2001,A,0028,5,0.10999999999998522,151.97875,41,0.12000000000000455,151.86875,in,0.1386594591835166
342,2001A0028,2001,A,0028,4,0.060000000000002274,152.03875,41,0.08000000000004093,151.97875,the,0.09995781342943215
343,2001A0028,2001,A,0028,3,0.2600000000000193,152.29875,41,0.3278750000000059,152.03875,winter,0.3416035605818756
344,2001A0028,2001,A,0028,2,0.3499999999999943,152.64875,41,0.33656249999999943,152.29875,whereas,0.35031629152645527
345,2001A0028,2001,A,0028,1,0.31049999999999045,152.95925,41,0.08000000000004093,152.64875,the,0.10071501129096894
346,2001A0028,2001,A,0028,0,0.37412499999999227,153.333375,41,0.44999999999998863,152.95925,[silence],0.46129232721011104
347,2001A0029,2001,A,0029,28,0.09000000000000341,153.423375,29,0.44999999999998863,153.333375,[silence],0.4595714764179105
348,2001A0029,2001,A,0029,27,0.09000000000000341,153.513375,29,0.08000000000004093,153.423375,the,0.0994989590731263
349,2001A0029,2001,A,0029,26,0.27000000000001023,153.783375,29,0.27000000000001023,153.513375,men,0.28478307230644473
350,2001A0029,2001,A,0029,25,0.5627499999999941,154.346125,29,0.36000000000001364,153.783375,often,0.3726820729365493
351,2001A0029,2001,A,0029,24,0.12812500000001137,154.47425,29,0.44999999999998863,154.346125,[silence],0.46058107356662625
352,2001A0029,2001,A,0029,23,0.1791249999999991,154.653375,29,0.17999999999999972,154.47425,have,0.19789366882504894
353,2001A0029,2001,A,0029,22,0.14999999999997726,154.803375,29,0.10000000000002274,154.653375,to,0.12023797802965265
354,2001A0029,2001,A,0029,21,0.25,155.053375,29,0.21999999999999886,154.803375,wear,0.2373525124407048
355,2001A0029,2001,A,0029,20,0.3300000000000125,155.383375,29,0.33924999999999983,155.053375,shirt,0.3537366585072568
356,2001A0029,2001,A,0029,19,0.09000000000000341,155.473375,29,0.1699999999999875,155.383375,and,0.18916475471342806
357,2001A0029,2001,A,0029,18,0.5834999999999866,156.056875,29,0.5834999999999866,155.473375,[laughter-tie],0.5921045946150327
358,2001A0029,2001,A,0029,17,0.12650000000002137,156.183375,29,0.6815000000000282,156.056875,[laughter-no],0.6877944042534342
359,2001A0029,2001,A,0029,16,0.36087499999999295,156.54425,29,0.36087499999999295,156.183375,[laughter-matter],0.37580578625641803
360,2001A0029,2001,A,0029,15,0.4708750000000066,157.015125,29,0.44999999999998863,156.54425,[silence],0.46285266715123663
361,2001A0029,2001,A,0029,14,0.37699999999998113,157.392125,29,0.17887499999997658,157.015125,r[ight]-,0.19906967989285027
362,2001A0029,2001,A,0029,13,0.5212500000000091,157.913375,29,0.3499999999999943,157.392125,right,0.365972353122353
363,2001A0029,2001,A,0029,12,0.2599999999999909,158.173375,29,0.3499999999999943,157.913375,right,0.3662247524095319
364,2001A0029,2001,A,0029,11,0.20000000000001705,158.373375,29,0.15999999999996817,158.173375,what,0.181445437750516
365,2001A0029,2001,A,0029,10,0.2992500000000007,158.672625,29,0.3199999999999932,158.373375,time,0.3375140172029145
366,2001A0029,2001,A,0029,9,0.22974999999999568,158.902375,29,0.09000000000000052,158.672625,of,0.11378065750263244
367,2001A0029,2001,A,0029,8,0.3009999999999877,159.203375,29,0.15999999999996817,158.902375,what,0.1822026356120528
368,2001A0029,2001,A,0029,7,0.21999999999999886,159.423375,29,0.3199999999999932,159.203375,time,0.33827121506445135
369,2001A0029,2001,A,0029,6,0.06100000000000705,159.484375,29,0.09000000000000052,159.423375,of,0.11453785536416923
370,2001A0029,2001,A,0029,5,0.18074999999998909,159.665125,29,0.08000000000004093,159.484375,the,0.10505174339106281
371,2001A0029,2001,A,0029,4,0.32650000000001,159.991625,29,0.2400000000000091,159.665125,year,0.261120322843406
372,2001A0029,2001,A,0029,3,0.5423749999999927,160.534,29,0.44999999999998863,159.991625,[silence],0.46588145859738384
373,2001A0029,2001,A,0029,2,0.2993749999999977,160.833375,29,0.2400000000000091,160.534,that's,0.2616251214177639
374,2001A0029,2001,A,0029,1,0.3397500000000093,161.173125,29,0.3499999999999943,160.833375,right,0.3690011445685002
375,2001A0029,2001,A,0029,0,0.8691249999999968,162.04225,29,0.44999999999998863,161.173125,[silence],0.46663865645892066
376,2001A0030,2001,A,0030,42,0.9474999999999909,162.98975,43,0.44999999999998863,162.04225,[silence],0.4498005022737943
377,2001A0030,2001,A,0030,41,0.981250000000017,163.971,43,0.34174999999999045,162.98975,[laughter-that's],0.3446335171679601
378,2001A0030,2001,A,0030,40,0.35462499999999864,164.325625,43,0.2400000000000091,163.971,that's,0.24579656438135325
379,2001A0030,2001,A,0030,39,0.3542500000000075,164.679875,43,0.3403124999999818,164.325625,true,0.3437384047486378
380,2001A0030,2001,A,0030,38,0.4293749999999932,165.10925,43,0.44999999999998863,164.679875,[silence],0.45081009942251005
381,2001A0030,2001,A,0030,37,0.5006249999999852,165.609875,43,0.22487499999999727,165.10925,so,0.23182426396163744
382,2001A0030,2001,A,0030,36,0.5335000000000036,166.143375,43,0.4176249999999868,165.609875,um,0.4197864677915648
383,2001A0030,2001,A,0030,35,0.3954999999999984,166.538875,43,0.44999999999998863,166.143375,[silence],0.45156729728404676
384,2001A0030,2001,A,0030,34,0.1133750000000191,166.65225,43,0.15000000000000568,166.538875,do,0.1596643587615012
385,2001A0030,2001,A,0030,33,0.385249999999985,167.0375,43,0.12999999999999545,166.65225,they,0.14043973552802075
386,2001A0030,2001,A,0030,32,0.27487500000000864,167.312375,43,0.44999999999998863,167.0375,[silence],0.4523244951455836
387,2001A0030,2001,A,0030,31,0.3798749999999984,167.69225,43,0.12999999999999545,167.312375,were,0.14094453410237862
388,2001A0030,2001,A,0030,30,0.3499999999999943,168.04225,43,0.12999999999999545,167.69225,were,0.14119693338955755
389,2001A0030,2001,A,0030,29,0.36000000000001364,168.40225,43,0.18999999999999773,168.04225,there,0.19988040023868692
390,2001A0030,2001,A,0030,28,0.5131250000000023,168.915375,43,0.4176249999999868,168.40225,um,0.4218056620889963
391,2001A0030,2001,A,0030,27,0.10162499999998431,169.017,43,0.44999999999998863,168.915375,[silence],0.45358649158147823
392,2001A0030,2001,A,0030,26,0.16525000000001455,169.18225,43,0.11299999999999955,169.017,are,0.12565106139572527
393,2001A0030,2001,A,0030,25,0.1799999999999784,169.36225,43,0.11000000000001364,169.18225,you,0.12298190730482052
394,2001A0030,2001,A,0030,24,0.488125000000025,169.850375,43,0.32999999999992724,169.36225,allowed,0.3374815543190588
395,2001A0030,2001,A,0030,23,0.5704999999999814,170.420875,43,0.10000000000002274,169.850375,to,0.11374819461886253
396,2001A0030,2001,A,0030,22,0.10537500000000932,170.52625,43,0.44999999999998863,170.420875,[silence],0.4548484880173729
397,2001A0030,2001,A,0030,21,0.28600000000000136,170.81225,43,0.4176249999999868,170.52625,um,0.42357245709924884
398,2001A0030,2001,A,0030,20,0.12999999999999545,170.94225,43,0.13000000000000256,170.81225,be,0.1437209262613538
399,2001A0030,2001,A,0030,19,0.539999999999992,171.48225,43,0.5499999999999998,170.94225,casual,0.5529907984821677
400,2001A0030,2001,A,0030,18,0.18999999999999773,171.67225,43,0.20999999999997954,171.48225,like,0.22213381491828688
401,2001A0030,2001,A,0030,17,0.12999999999999545,171.80225,43,0.13474999999999682,171.67225,if,0.14910391697153924
402,2001A0030,2001,A,0030,16,0.09000000000000341,171.89225,43,0.12000000000000455,171.80225,it,0.13499201214974677
403,2001A0030,2001,A,0030,15,0.13000000000002387,172.02225,43,0.1600000000000108,171.89225,was,0.1741984564782306
404,2001A0030,2001,A,0030,14,0.5599999999999739,172.58225,43,0.36000000000001364,172.02225,summer,0.3692210809719064
405,2001A0030,2001,A,0030,13,0.3181250000000091,172.900375,43,0.12999999999999545,172.58225,were,0.1454877212715994
406,2001A0030,2001,A,0030,12,0.3418750000000159,173.24225,43,0.12999999999999545,172.900375,were,0.14574012055877833
407,2001A0030,2001,A,0030,11,0.10999999999998522,173.35225,43,0.11000000000001364,173.24225,you,0.12651549732532558
408,2001A0030,2001,A,0030,10,0.21000000000000796,173.56225,43,0.32999999999992724,173.35225,allowed,0.3410151443395638
409,2001A0030,2001,A,0030,9,0.1599999999999966,173.72225,43,0.10000000000002274,173.56225,to,0.11728178463936759
410,2001A0030,2001,A,0030,8,0.18000000000000682,173.90225,43,0.21999999999999886,173.72225,wear,0.23439631905041972
411,2001A0030,2001,A,0030,7,0.6699999999999875,174.57225,43,0.6699999999999875,173.90225,sandals,0.6728817250521993
412,2001A0030,2001,A,0030,6,0.3199999999999932,174.89225,43,0.1699999999999875,174.57225,and,0.18620856132314298
413,2001A0030,2001,A,0030,5,0.27000000000001023,175.16225,43,0.22999999999998977,174.89225,those,0.24489202817227237
414,2001A0030,2001,A,0030,4,0.2038750000000107,175.366125,43,0.1599999999999966,175.16225,tha[t]-,0.17697484863718502
415,2001A0030,2001,A,0030,3,0.6402499999999804,176.006375,43,0.37287500000002183,175.366125,[noise],0.38453580637855067
416,2001A0030,2001,A,0030,2,0.1958750000000009,176.20225,43,0.21999999999997044,176.006375,not,0.23591071477346565
417,2001A0030,2001,A,0030,1,0.2548749999999984,176.457125,43,0.2817500000000166,176.20225,reall[y]-,0.2962984210931946
418,2001A0030,2001,A,0030,0,0.521125000000012,176.97825,43,0.44999999999998863,176.457125,[silence],0.4604012723353095
419,2001A0032,2001,A,0032,2,0.6100000000000136,180.56725,3,0.44999999999998863,179.95725,[silence],0.47771757125698355
420,2001A0032,2001,A,0032,1,0.5127500000000111,181.08,3,0.3499999999999943,180.56725,right,0.380584857940921
421,2001A0032,2001,A,0032,0,0.4113749999999925,181.491375,3,0.44999999999998863,181.08,[silence],0.47822236983134137
422,2001A0034,2001,A,0034,5,0.5099999999999909,187.829375,6,0.44999999999998863,187.319375,[silence],0.4756237910832444
423,2001A0034,2001,A,0034,4,0.18862500000000182,188.018,6,0.24637500000000045,187.829375,oh,0.277575754832073
424,2001A0034,2001,A,0034,3,0.1912499999999966,188.20925,6,0.10712499999999636,188.018,i,0.1422193848192264
425,2001A0034,2001,A,0034,2,0.42012500000001296,188.629375,6,0.21999999999997044,188.20925,see,0.25239522995729524
426,2001A0034,2001,A,0034,1,0.3826249999999902,189.012,6,0.40237499999999216,188.629375,uh-huh,0.43025372835466713
427,2001A0034,2001,A,0034,0,0.4908749999999884,189.502875,6,0.44999999999998863,189.012,[silence],0.476885787519139
428,2001A0036,2001,A,0036,5,0.5199999999999818,193.167375,6,0.44999999999998863,192.647375,[silence],0.4756237910832444
429,2001A0036,2001,A,0036,4,0.717000000000013,193.884375,6,0.43174999999999386,193.167375,okay,0.45810340732033583
430,2001A0036,2001,A,0036,3,0.3491249999999866,194.2335,6,0.1699999999999875,193.884375,and,0.20345027436850938
431,2001A0036,2001,A,0036,2,0.1427500000000066,194.37625,6,0.44999999999998863,194.2335,[silence],0.4763809889447811
432,2001A0036,2001,A,0036,1,0.34575000000000955,194.722,6,0.1699999999999875,194.37625,and,0.20395507294286724
433,2001A0036,2001,A,0036,0,0.3777499999999918,195.09975,6,0.44999999999998863,194.722,[silence],0.476885787519139
434,2001A0037,2001,A,0037,32,0.446124999999995,195.545875,33,0.44999999999998863,195.09975,[silence],0.45677976951959154
435,2001A0037,2001,A,0037,31,0.12362500000000409,195.6695,33,0.1699999999999875,195.545875,and,0.1843538535176777
436,2001A0037,2001,A,0037,30,0.4102499999999907,196.07975,33,0.36406249999998863,195.6695,also,0.37359423695053406
437,2001A0037,2001,A,0037,29,0.3400000000000034,196.41975,33,0.20999999999997954,196.07975,like,0.2238126971333266
438,2001A0037,2001,A,0037,28,0.4200000000000159,196.83975,33,0.08000000000004093,196.41975,the,0.09746445003634416
439,2001A0037,2001,A,0037,27,0.46562499999998863,197.305375,33,0.4176249999999868,196.83975,um,0.42651333575018324
440,2001A0037,2001,A,0037,26,0.3743750000000148,197.67975,33,0.36406249999998863,197.305375,also,0.3746038340992498
441,2001A0037,2001,A,0037,25,0.4089999999999918,198.08875,33,0.08000000000004093,197.67975,the,0.09822164789788096
442,2001A0037,2001,A,0037,24,0.18337499999998386,198.272125,33,0.08000000000004093,198.08875,the,0.0984740471850599
443,2001A0037,2001,A,0037,23,0.3502500000000168,198.622375,33,0.44999999999998863,198.272125,[silence],0.459051363104202
444,2001A0037,2001,A,0037,22,0.25737499999999613,198.87975,33,0.1799999999999784,198.622375,all,0.19636395836260392
445,2001A0037,2001,A,0037,21,0.0800000000000125,198.95975,33,0.08000000000004093,198.87975,the,0.0992312450465967
446,2001A0037,2001,A,0037,20,0.6999999999999886,199.65975,33,0.5199999999999818,198.95975,supporting,0.5279781397880051
447,2001A0037,2001,A,0037,19,0.19999999999998863,199.85975,33,0.20999999999997954,199.65975,kind,0.22633669000511594
448,2001A0037,2001,A,0037,18,0.0700000000000216,199.92975,33,0.09000000000000052,199.85975,of,0.10972695416841885
449,2001A0037,2001,A,0037,17,0.20999999999997954,200.13975,33,0.3200000000000216,199.92975,stuff,0.33396511244308646
450,2001A0037,2001,A,0037,16,0.6899999999999977,200.82975,33,0.7459999999999809,200.13975,secretaries,0.7490780914200583
451,2001A0037,2001,A,0037,15,0.15000000000000568,200.97975,33,0.1699999999999875,200.82975,and,0.1883922421125406
452,2001A0037,2001,A,0037,14,0.30000000000001137,201.27975,33,0.4145624999999953,200.97975,clerks,0.42681210741004316
453,2001A0037,2001,A,0037,13,0.13999999999998636,201.41975,33,0.1699999999999875,201.27975,and,0.18889704068689847
454,2001A0037,2001,A,0037,12,0.29000000000002046,201.70975,33,0.30000000000001137,201.41975,things,0.3157500863583218
455,2001A0037,2001,A,0037,11,0.06999999999999318,201.77975,33,0.11299999999999955,201.70975,are,0.13389232507741725
456,2001A0037,2001,A,0037,10,0.1699999999999875,201.94975,33,0.12999999999999545,201.77975,they,0.1507001935071442
457,2001A0037,2001,A,0037,9,0.3900000000000148,202.33975,33,0.36406249999998863,201.94975,also,0.37889462198129165
458,2001A0037,2001,A,0037,8,0.25,202.58975,33,0.12999999999999545,202.33975,they,0.15120499208150207
459,2001A0037,2001,A,0037,7,0.23999999999998067,202.82975,33,0.17999999999999972,202.58975,have,0.20014994767030866
460,2001A0037,2001,A,0037,6,0.3800000000000239,203.20975,33,0.28999999999999204,202.82975,same,0.3075259708210518
461,2001A0037,2001,A,0037,5,0.612749999999977,203.8225,33,0.400375000000011,203.20975,similar,0.41526718814408325
462,2001A0037,2001,A,0037,4,0.7495000000000118,204.572,33,0.44999999999998863,203.8225,[silence],0.4638469495606017
463,2001A0037,2001,A,0037,3,0.18899999999999295,204.761,33,0.4067499999999953,204.572,sim[ilar]-,0.4219802876468828
464,2001A0037,2001,A,0037,2,0.39537500000000136,205.156375,33,0.44999999999998863,204.761,[silence],0.4643517481349596
465,2001A0037,2001,A,0037,1,0.41337500000000205,205.56975,33,0.3300000000000409,205.156375,yeah,0.34774201229829294
466,2001A0037,2001,A,0037,0,0.3187499999999943,205.8885,33,0.44999999999998863,205.56975,[silence],0.4648565467093174
467,2001A0038,2001,A,0038,38,0.3466250000000173,206.235125,39,0.44999999999998863,205.8885,[silence],0.4525922091721132
468,2001A0038,2001,A,0038,37,0.18337499999998386,206.4185,39,0.3300000000000409,206.235125,yeah,0.3359824733354466
469,2001A0038,2001,A,0038,36,0.2801249999999982,206.698625,39,0.29593750000000796,206.4185,ours,0.3030630686421124
470,2001A0038,2001,A,0038,35,0.25987499999999386,206.9585,39,0.12999999999999545,206.698625,were,0.14171704670326607
471,2001A0038,2001,A,0038,34,0.27000000000001023,207.2285,39,0.29593750000000796,206.9585,ours,0.3035678672164702
472,2001A0038,2001,A,0038,33,0.12999999999999545,207.3585,39,0.12999999999999545,207.2285,were,0.14222184527762394
473,2001A0038,2001,A,0038,32,0.4300000000000068,207.7885,39,0.3499999999999943,207.3585,different,0.3567214922919453
474,2001A0038,2001,A,0038,31,0.09999999999999432,207.8885,39,0.10712499999999636,207.7885,i,0.12044979934398994
475,2001A0038,2001,A,0038,30,0.2600000000000193,208.1485,39,0.23999999999999844,207.8885,guess,0.2501026670027354
476,2001A0038,2001,A,0038,29,0.11999999999997613,208.2685,39,0.12000000000000455,208.1485,it,0.13349293116602384
477,2001A0038,2001,A,0038,28,0.29000000000002046,208.5585,39,0.25,208.2685,seemed,0.2603459768374195
478,2001A0038,2001,A,0038,27,0.22999999999998977,208.7885,39,0.20999999999997954,208.5585,like,0.2216443310832797
479,2001A0038,2001,A,0038,26,0.26849999999998886,209.057,39,0.17074999999999818,208.7885,th[ey]-,0.1836730736737023
480,2001A0038,2001,A,0038,25,0.13150000000001683,209.1885,39,0.12999999999999545,209.057,they,0.1442410395750554
481,2001A0038,2001,A,0038,24,0.12000000000000455,209.3085,39,0.12999999999999545,209.1885,were,0.14449343886223434
482,2001A0038,2001,A,0038,23,0.37000000000000455,209.6785,39,0.25662499999999966,209.3085,much,0.26805973698327895
483,2001A0038,2001,A,0038,22,0.11999999999997613,209.7985,39,0.18999999999999773,209.6785,there,0.20342930499854264
484,2001A0038,2001,A,0038,21,0.15000000000000568,209.9485,39,0.1600000000000108,209.7985,was,0.1744661705047602
485,2001A0038,2001,A,0038,20,0.2599999999999909,210.2085,39,0.25662499999999966,209.9485,much,0.2688169348448157
486,2001A0038,2001,A,0038,19,0.15000000000000568,210.3585,39,0.22000000000002728,210.2085,more,0.23340203664108233
487,2001A0038,2001,A,0038,18,0.5700000000000216,210.9285,39,0.5499999999999998,210.3585,casual,0.5550253075189499
488,2001A0038,2001,A,0038,17,0.4099999999999966,211.3385,39,0.33000000000000096,210.9285,dress,0.3410304590789863
489,2001A0038,2001,A,0038,16,0.3166249999999877,211.655125,39,0.30593749999999886,211.3385,although,0.31784956564600686
490,2001A0038,2001,A,0038,15,0.17362500000001546,211.82875,39,0.1770000000000067,211.655125,[laughter-i],0.1925360353703818
491,2001A0038,2001,A,0038,14,0.18974999999997522,212.0185,39,0.18999999999999773,211.82875,don't,0.2054484992959741
492,2001A0038,2001,A,0038,13,0.17000000000001592,212.1885,39,0.22999999999996135,212.0185,think,0.24465494362441642
493,2001A0038,2001,A,0038,12,0.4300000000000068,212.6185,39,0.4300000000000068,212.1885,everybody,0.43967756811813374
494,2001A0038,2001,A,0038,11,0.2271250000000009,212.845625,39,0.2300000000000182,212.6185,looked,0.24515974219882966
495,2001A0038,2001,A,0038,10,0.1608749999999759,213.0065,39,0.11999999999999744,212.845625,at,0.13828851762241662
496,2001A0038,2001,A,0038,9,0.2823750000000018,213.288875,39,0.18000000000000682,213.0065,that,0.19697198447155292
497,2001A0038,2001,A,0038,8,0.5673749999999984,213.85625,39,0.44999999999998863,213.288875,[silence],0.46016418778748114
498,2001A0038,2001,A,0038,7,0.14225000000001842,213.9985,39,0.11000000000001364,213.85625,you,0.1293072042236445
499,2001A0038,2001,A,0038,6,0.25,214.2485,39,0.1599999999999966,213.9985,know,0.17825215981243034
500,2001A0038,2001,A,0038,5,0.1676249999999868,214.416125,39,0.13999999999998636,214.2485,as,0.1590275365789499
501,2001A0038,2001,A,0038,4,0.2259999999999991,214.642125,39,0.44999999999998863,214.416125,[silence],0.4611737849361969
502,2001A0038,2001,A,0038,3,0.09637499999999477,214.7385,39,0.060000000000002274,214.642125,a,0.08162424507072563
503,2001A0038,2001,A,0038,2,0.28000000000000114,215.0185,39,0.21999999999997044,214.7385,good,0.23769282452306884
504,2001A0038,2001,A,0038,1,0.41575000000000273,215.43425,39,0.24437500000001933,215.0185,thing,0.26168284500733685
505,2001A0038,2001,A,0038,0,0.48750000000001137,215.92175,39,0.44999999999998863,215.43425,[silence],0.4621833820849126
506,2001A0039,2001,A,0039,2,0.5900000000000034,216.51175,3,0.44999999999998863,215.92175,[silence],0.47771757125698355
507,2001A0039,2001,A,0039,1,0.5387499999999932,217.0505,3,0.3499999999999943,216.51175,right,0.380584857940921
508,2001A0039,2001,A,0039,0,0.4528750000000059,217.503375,3,0.44999999999998863,217.0505,[silence],0.47822236983134137
509,2001A0041,2001,A,0041,4,0.48262500000001296,220.158625,5,0.44999999999998863,219.676,[silence],0.47632171780782406
510,2001A0041,2001,A,0041,3,0.16200000000000614,220.320625,5,0.2400000000000091,220.158625,that's,0.2720653806282042
511,2001A0041,2001,A,0041,2,1.0828750000000014,221.4035,5,0.34174999999999045,220.320625,[laughter-that's],0.37140713198916875
512,2001A0041,2001,A,0041,1,0.8093749999999886,222.212875,5,0.5500000000000114,221.4035,[laughter-right],0.5744640282726301
513,2001A0041,2001,A,0041,0,0.20949999999999136,222.422375,5,0.44999999999998863,222.212875,[silence],0.4773313149565398
514,2001A0043,2001,A,0043,2,0.4848749999999882,228.701,3,0.44999999999998863,228.216125,[silence],0.47771757125698355
515,2001A0043,2001,A,0043,1,0.5062499999999943,229.20725,3,0.3300000000000409,228.701,yeah,0.361107835420317
516,2001A0043,2001,A,0043,0,0.46999999999999886,229.67725,3,0.44999999999998863,229.20725,[silence],0.47822236983134137
517,2001A0044,2001,A,0044,3,0.3768750000000125,230.054125,4,0.44999999999998863,229.67725,[silence],0.47701964453240386
518,2001A0044,2001,A,0044,2,0.48312500000000114,230.53725,4,0.3300000000000409,230.054125,yeah,0.3604099086957372
519,2001A0044,2001,A,0044,1,0.3100000000000023,230.84725,4,0.1699999999999875,230.53725,and,0.20484612781766884
520,2001A0044,2001,A,0044,0,0.8406249999999886,231.687875,4,0.44999999999998863,230.84725,[silence],0.4777768423939406
521,2001A0045,2001,A,0045,3,0.8443750000000136,232.53225,4,0.44999999999998863,231.687875,[silence],0.47701964453240386
522,2001A0045,2001,A,0045,2,0.22562500000000796,232.757875,4,0.2400000000000091,232.53225,that's,0.27276330735278387
523,2001A0045,2001,A,0045,1,0.33099999999998886,233.088875,4,0.3499999999999943,232.757875,right,0.3801393305035201
524,2001A0045,2001,A,0045,0,0.5212500000000091,233.610125,4,0.44999999999998863,233.088875,[silence],0.4777768423939406
525,2001A0047,2001,A,0047,13,0.46487500000000637,235.1115,14,0.44999999999998863,234.646625,[silence],0.4700403772866065
526,2001A0047,2001,A,0047,12,0.15512499999999818,235.266625,14,0.3300000000000409,235.1115,yeah,0.35343064144993985
527,2001A0047,2001,A,0047,11,0.28000000000000114,235.546625,14,0.2400000000000091,235.266625,that's,0.2660364393941655
528,2001A0047,2001,A,0047,10,0.45574999999999477,236.002375,14,0.3403124999999818,235.546625,true,0.36397827976145003
529,2001A0047,2001,A,0047,9,0.5648750000000007,236.56725,14,0.44999999999998863,236.002375,[silence],0.47104997443532226
530,2001A0047,2001,A,0047,8,0.4293749999999932,236.996625,14,0.1699999999999875,236.56725,and,0.1986240584334083
531,2001A0047,2001,A,0047,7,0.34762499999999363,237.34425,14,0.4176249999999868,236.996625,um,0.44002634280437714
532,2001A0047,2001,A,0047,6,0.2033750000000225,237.547625,14,0.44999999999998863,237.34425,[silence],0.471807172296859
533,2001A0047,2001,A,0047,5,0.39837499999998727,237.946,14,0.32693750000001387,237.547625,hm,0.3522150173866916
534,2001A0047,2001,A,0047,4,0.6653750000000116,238.611375,14,0.37287500000002183,237.946,[noise],0.3972037027759949
535,2001A0047,2001,A,0047,3,0.10987499999998818,238.72125,14,0.21999999999997044,238.611375,well,0.2485786111709099
536,2001A0047,2001,A,0047,2,0.23050000000000637,238.95175,14,0.2400000000000091,238.72125,that's,0.26830803297877587
537,2001A0047,2001,A,0047,1,0.2376250000000084,239.189375,14,0.12000000000000455,238.95175,it,0.1516982971420539
538,2001A0047,2001,A,0047,0,0.228999999999985,239.418375,14,0.44999999999998863,239.189375,[silence],0.47332156801993264
539,2001A0048,2001,A,0048,16,0.3499999999999943,239.768375,17,0.44999999999998863,239.418375,[silence],0.46794659711286735
540,2001A0048,2001,A,0048,15,0.40100000000001046,240.169375,17,0.3300000000000409,239.768375,yeah,0.3513368612762007
541,2001A0048,2001,A,0048,14,0.34375,240.513125,17,0.8100000000000023,240.169375,[laughter],0.8190378010589279
542,2001A0048,2001,A,0048,13,0.22974999999999568,240.742875,17,0.10712499999999636,240.513125,i,0.1347945901360283
543,2001A0048,2001,A,0048,12,0.1355000000000075,240.878375,17,0.18999999999999773,240.742875,don't,0.21575490149314955
544,2001A0048,2001,A,0048,11,0.13999999999998636,241.018375,17,0.1599999999999966,240.878375,know,0.18679176699935326
545,2001A0048,2001,A,0048,10,0.1599999999999966,241.178375,17,0.15999999999996817,241.018375,what,0.18704416628650453
546,2001A0048,2001,A,0048,9,0.2600000000000193,241.438375,17,0.1150000000000091,241.178375,el[se]-,0.14347326490226214
547,2001A0048,2001,A,0048,8,0.18999999999999773,241.628375,17,0.15999999999996817,241.438375,what,0.1875489648608624
548,2001A0048,2001,A,0048,7,0.21000000000000796,241.838375,17,0.22000000000002728,241.628375,more,0.24623243171004713
549,2001A0048,2001,A,0048,6,0.09999999999999432,241.938375,17,0.12999999999999545,241.838375,we,0.15883822965427272
550,2001A0048,2001,A,0048,5,0.2599999999999909,242.198375,17,0.17000000000001592,241.938375,can,0.1980446739827704
551,2001A0048,2001,A,0048,4,0.28000000000000114,242.478375,17,0.21937500000001364,242.198375,say,0.24638097261780034
552,2001A0048,2001,A,0048,3,0.37000000000000455,242.848375,17,0.27000000000001023,242.478375,about,0.29593458516036975
553,2001A0048,2001,A,0048,2,0.38999999999998636,243.238375,17,0.18000000000000682,242.848375,that,0.20854038310462303
554,2001A0048,2001,A,0048,1,0.224125000000015,243.4625,17,0.2400000000000091,243.238375,that's,0.2672238499537524
555,2001A0048,2001,A,0048,0,0.3572499999999934,243.81975,17,0.44999999999998863,243.4625,[silence],0.4719849857077302
556,2001A0049,2001,A,0049,25,0.46999999999999886,244.28975,26,0.44999999999998863,243.81975,[silence],0.4616652565916497
557,2001A0049,2001,A,0049,24,0.21999999999999886,244.50975,26,0.24637500000000045,244.28975,oh,0.26361722034047835
558,2001A0049,2001,A,0049,23,0.21000000000000796,244.71975,26,0.18999999999994088,244.50975,it's,0.20896876239751874
559,2001A0049,2001,A,0049,22,0.3100000000000023,245.02975,26,0.17000000000001592,244.71975,been,0.18974413916412133
560,2001A0049,2001,A,0049,21,0.28000000000000114,245.30975,26,0.31425000000001546,245.02975,nice,0.33047456338148373
561,2001A0049,2001,A,0049,20,0.46999999999999886,245.77975,26,0.33999999999999986,245.30975,talking,0.35580362916398356
562,2001A0049,2001,A,0049,19,0.12999999999999545,245.90975,26,0.10000000000002274,245.77975,to,0.12233175820339186
563,2001A0049,2001,A,0049,18,0.2400000000000091,246.14975,26,0.11000000000001364,245.90975,you,0.13232266875088664
564,2001A0049,2001,A,0049,17,0.1599999999999966,246.30975,26,0.1699999999999875,246.14975,and,0.19100613559998833
565,2001A0049,2001,A,0049,16,0.09000000000000341,246.39975,26,0.10712499999999636,246.30975,i,0.1300276453378843
566,2001A0049,2001,A,0049,15,0.23999999999998067,246.63975,26,0.23999999999999844,246.39975,guess,0.25968051299662975
567,2001A0049,2001,A,0049,14,0.11000000000001364,246.74975,26,0.12999999999999545,246.63975,we,0.15280928842023406
568,2001A0049,2001,A,0049,13,0.23999999999998067,246.98975,26,0.2222499999999994,246.74975,just,0.24289945408391223
569,2001A0049,2001,A,0049,12,0.18000000000000682,247.16975,26,0.22999999999998977,246.98975,hang,0.25069919959783343
570,2001A0049,2001,A,0049,11,0.21999999999999886,247.38975,26,0.1699999999999875,247.16975,up,0.19252053132306193
571,2001A0049,2001,A,0049,10,0.29025000000001455,247.68,26,0.3157499999999942,247.38975,huh,0.3347117322294799
572,2001A0049,2001,A,0049,9,0.16575000000000273,247.84575,26,0.44999999999998863,247.68,[silence],0.46570364518651264
573,2001A0049,2001,A,0049,8,0.7266249999999843,248.572375,26,0.43174999999999386,247.84575,okay,0.4481832614236041
574,2001A0049,2001,A,0049,7,0.21462500000001228,248.787,26,0.1799999999999784,248.572375,all,0.2032686397320935
575,2001A0049,2001,A,0049,6,0.37274999999999636,249.15975,26,0.3499999999999943,248.787,right,0.3690757304448079
576,2001A0049,2001,A,0049,5,0.19999999999998863,249.35975,26,0.31425000000001546,249.15975,nice,0.3345129519763467
577,2001A0049,2001,A,0049,4,0.29000000000002046,249.64975,26,0.33999999999999986,249.35975,talking,0.3598420177588465
578,2001A0049,2001,A,0049,3,0.09999999999999432,249.74975,26,0.10000000000002274,249.64975,to,0.12637014679825476
579,2001A0049,2001,A,0049,2,0.10999999999998522,249.85975,26,0.11000000000001364,249.74975,you,0.13636105734574955
580,2001A0049,2001,A,0049,1,0.5838750000000061,250.443625,26,0.38637500000004366,249.85975,bye-bye,0.40576156159018173
581,2001A0049,2001,A,0049,0,0.5408749999999998,250.9845,26,0.44999999999998863,250.443625,[silence],0.467975238771123
